name,lat,lng
Acalanes Ridge CDP,37.904725,-122.078567
Acampo CDP,38.173529,-121.279892
Acton CDP,34.49607,-118.183897
Adelanto city,34.580902,-117.439458
Adin CDP,41.199312,-120.956779
Agoura Hills city,34.148942,-118.76393
Agua Dulce CDP,34.501678,-118.32068
Aguanga CDP,33.452246,-116.85547
Ahwahnee CDP,37.365423,-119.716561
Airport CDP,37.633883,-120.972006
Alameda city,37.741911,-122.259914
Alamo CDP,37.854768,-122.013557
Albany city,37.89065,-122.318116
Albion CDP,39.225327,-123.757586
Alderpoint CDP,40.161347,-123.615729
Alhambra city,34.083571,-118.136444
Alhambra Valley CDP,37.966744,-122.135998
Aliso Viejo city,33.57921,-117.728898
Alleghany CDP,39.46666,-120.841126
Allendale CDP,38.442986,-121.98333
Allensworth CDP,35.849878,-119.389209
Almanor CDP,40.214494,-121.17622
Alondra Park CDP,33.890155,-118.335678
Alpaugh CDP,35.889037,-119.485809
Alpine CDP,32.842487,-116.755911
Alpine Village CDP,38.779346,-119.807785
Alta CDP,39.215685,-120.798509
Alta Sierra CDP,35.725776,-118.545166
Alta Sierra CDP,39.126174,-121.049085
Altadena CDP,34.192212,-118.135589
Alto CDP,37.905581,-122.518718
Alturas city,41.489136,-120.551286
Alum Rock CDP,37.369408,-121.823809
Amador City city,38.418995,-120.82326
Amador Pines CDP,38.489631,-120.533305
American Canyon city,38.179033,-122.259602
Amesti CDP,36.959483,-121.781739
Anaheim city,33.855502,-117.758657
Anchor Bay CDP,38.812653,-123.570267
Anderson city,40.449755,-122.29507
Angels city,38.071037,-120.551729
Angwin CDP,38.577875,-122.451224
Antelope CDP,38.71533,-121.360962
Antioch city,37.978336,-121.796064
Anza CDP,33.56159,-116.696066
Apple Valley town,34.533376,-117.210358
Aptos CDP,36.99115,-121.893457
Aptos Hills-Larkin Valley CDP,36.963492,-121.835214
Arbuckle CDP,39.014185,-122.061041
Arcadia city,34.132689,-118.036347
Arcata city,40.862291,-124.074967
Arden-Arcade CDP,38.600647,-121.384643
Armona CDP,36.316607,-119.70538
Arnold CDP,38.249049,-120.349327
Aromas CDP,36.874755,-121.630732
Arroyo Grande city,35.124149,-120.584533
Artesia city,33.867591,-118.080634
Artois CDP,39.633179,-122.189758
Arvin city,35.194361,-118.830569
Ashland CDP,37.694197,-122.115937
Aspen Springs CDP,37.548791,-118.699663
Atascadero city,35.485718,-120.687942
Atherton town,37.457072,-122.201058
Atwater city,37.354049,-120.597177
Auberry CDP,37.088654,-119.450757
Auburn city,38.895075,-121.076739
Auburn Lake Trails CDP,38.886238,-120.979699
August CDP,37.979644,-121.26251
Avalon city,33.343335,-118.317615
Avenal city,36.031107,-120.116174
Avery CDP,38.206826,-120.372262
Avila Beach CDP,35.199355,-120.720757
Avocado Heights CDP,34.039039,-117.998167
Azusa city,34.138524,-117.912253
Baker CDP,35.276918,-116.071735
Bakersfield city,35.353171,-119.037919
Bakersfield Country Club CDP,35.389891,-118.940915
Baldwin Park city,34.082824,-117.971286
Ballard CDP,34.639948,-120.110989
Ballico CDP,37.451917,-120.703707
Bangor CDP,39.376087,-121.411654
Banning city,33.945903,-116.899044
Barstow city,34.866987,-117.043035
Bass Lake CDP,37.327282,-119.565326
Bay Point CDP,38.032254,-121.962236
Bayview CDP,38.006234,-122.320165
Bayview CDP,40.76536,-124.178624
Baywood Park CDP,37.529163,-122.341637
Beale AFB CDP,39.108061,-121.351215
Bear Creek CDP,37.296601,-120.417676
Bear Valley CDP,38.472321,-120.051847
Bear Valley CDP,37.57474,-120.136098
Bear Valley Springs CDP,35.178355,-118.669618
Beaumont city,33.876722,-116.953009
Beckwourth CDP,39.843931,-120.414009
Belden CDP,40.006783,-121.248191
Bell city,33.979704,-118.179249
Bell Canyon CDP,34.208148,-118.687574
Bell Gardens city,33.964379,-118.154437
Bella Vista CDP,40.651205,-122.25637
Bellflower city,33.887821,-118.12725
Belmont city,37.514398,-122.294475
Belvedere city,37.873567,-122.470995
Ben Lomond CDP,37.078212,-122.088102
Benbow CDP,40.060267,-123.765381
Bend CDP,40.255092,-122.210916
Benicia city,38.072733,-122.155169
Benton CDP,37.822438,-118.487687
Benton Park CDP,35.346439,-119.029815
Berkeley city,37.865673,-122.298725
Bermuda Dunes CDP,33.74349,-116.287335
Berry Creek CDP,39.631812,-121.405621
Bertsch-Oceanview CDP,41.751727,-124.170214
Bethel Island CDP,38.02813,-121.629851
Beverly Hills city,34.07923,-118.402437
Bieber CDP,41.138451,-121.117006
Big Bear City CDP,34.254118,-116.796378
Big Bear Lake city,34.242888,-116.893893
Big Bend CDP,41.011624,-121.930434
Big Creek CDP,37.203565,-119.248489
Big Lagoon CDP,41.159427,-124.129746
Big Pine CDP,37.165507,-118.296262
Big River CDP,34.139823,-114.362099
Biggs city,39.410187,-121.713322
Biola CDP,36.799938,-120.021038
Bishop city,37.366381,-118.395808
Black Point-Green Point CDP,38.110651,-122.519097
Blackhawk CDP,37.809629,-121.913241
Blacklake CDP,35.049689,-120.538642
Blairsden CDP,39.775205,-120.610845
Bloomfield CDP,38.322069,-122.834464
Bloomington CDP,34.060071,-117.401238
Blue Lake city,40.880993,-123.994912
Bluewater CDP,34.175431,-114.264962
Blythe city,33.65352,-114.621823
Bodega CDP,38.348841,-122.971164
Bodega Bay CDP,38.327472,-123.029926
Bodfish CDP,35.573416,-118.486441
Bolinas CDP,37.917725,-122.709502
Bombay Beach CDP,33.35561,-115.726902
Bonadelle Ranchos CDP,36.968806,-119.892779
Bonita CDP,32.673217,-117.006101
Bonny Doon CDP,37.043577,-122.136972
Bonsall CDP,33.274876,-117.191863
Boonville CDP,39.011474,-123.374043
Bootjack CDP,37.474044,-119.8838
Boron CDP,35.01978,-117.665938
Boronda CDP,36.694632,-121.674512
Borrego Springs CDP,33.240965,-116.357119
Bostonia CDP,32.818985,-116.942264
Boulder Creek CDP,37.134099,-122.127208
Boulevard CDP,32.664022,-116.289601
Bowles CDP,36.608873,-119.752564
Boyes Hot Springs CDP,38.312633,-122.488738
Bradbury city,34.153159,-117.968818
Bradley CDP,35.86284,-120.804268
Brawley city,32.978454,-115.528569
Brea city,33.925178,-117.865111
Brentwood city,37.935578,-121.71897
Bret Harte CDP,37.602078,-121.00438
Bridgeport CDP,38.25521,-119.210424
Brisbane city,37.67575,-122.383302
Broadmoor CDP,37.691495,-122.481339
Brookdale CDP,37.105732,-122.110623
Brooks CDP,38.73688,-122.146807
Brooktrails CDP,39.443283,-123.3938
Buck Meadows CDP,37.807046,-120.075237
Buckhorn CDP,38.454797,-120.532334
Bucks Lake CDP,39.87956,-121.199081
Buellton city,34.615497,-120.194237
Buena Park city,33.857353,-118.007373
Buena Vista CDP,38.297487,-120.917402
Burbank city,34.190079,-118.326405
Burbank CDP,37.321097,-121.930608
Burlingame city,37.589952,-122.363342
Burney CDP,40.889362,-121.675465
Burnt Ranch CDP,40.811335,-123.508261
Butte Creek Canyon CDP,39.744502,-121.707131
Butte Meadows CDP,40.08531,-121.542683
Butte Valley CDP,39.668815,-121.645888
Buttonwillow CDP,35.409229,-119.440668
Byron CDP,37.875644,-121.64212
Bystrom CDP,37.61939,-120.981254
C-Road CDP,39.762728,-120.577051
Cabazon CDP,33.912726,-116.782831
Calabasas city,34.134252,-118.666455
Calexico city,32.684859,-115.494738
California City city,35.14659,-117.869346
California Hot Springs CDP,35.887568,-118.655022
California Pines CDP,41.413786,-120.66531
California Polytechnic State University CDP,35.306981,-120.667276
Calimesa city,33.987357,-117.054214
Calipatria city,33.168651,-115.485641
Calistoga city,38.581408,-122.582696
Callender CDP,35.047972,-120.575908
Calpella CDP,39.233721,-123.19376
Calpine CDP,39.663381,-120.439277
Calwa CDP,36.713477,-119.76086
Camanche Village CDP,38.266481,-120.986575
Camanche North Shore CDP,38.244218,-120.953915
Camarillo city,34.221823,-119.032154
Cambria CDP,35.552069,-121.084137
Cambrian Park CDP,37.256059,-121.928778
Cameron Park CDP,38.674029,-120.988338
Camino CDP,38.742265,-120.680811
Camino Tassajara CDP,37.790886,-121.885052
Camp Nelson CDP,36.141978,-118.61071
Camp Pendleton Mainside CDP,33.307209,-117.331048
Camp Pendleton South CDP,33.231824,-117.391998
Campbell city,37.280244,-121.953296
Campo CDP,32.640965,-116.474516
Campo Seco CDP,38.220743,-120.859054
Camptonville CDP,39.452072,-121.048668
Canby CDP,41.452293,-120.888319
Cantua Creek CDP,36.500045,-120.316361
Canyon Lake city,33.688302,-117.263547
Canyondam CDP,40.169867,-121.076986
Capitola city,36.976083,-121.954012
Caribou CDP,40.073244,-121.16567
Carlsbad city,33.129284,-117.284183
Carmel Valley Village CDP,36.500627,-121.73182
Carmel-by-the-Sea city,36.552881,-121.921919
Carmet CDP,38.374452,-123.071859
Carmichael CDP,38.630812,-121.325636
Carnelian Bay CDP,39.235165,-120.078207
Carpinteria city,34.385234,-119.500759
Carrick CDP,41.446746,-122.363457
Carson city,33.840367,-118.249574
Cartago CDP,36.305239,-118.027166
Caruthers CDP,36.539907,-119.845027
Casa Conejo CDP,34.184731,-118.944517
Casa de Oro-Mount Helix CDP,32.763961,-116.968808
Casa Loma CDP,35.34323,-118.998711
Casmalia CDP,34.837799,-120.531044
Caspar CDP,39.363063,-123.804194
Cassel CDP,40.925021,-121.548476
Castaic CDP,34.477444,-118.632681
Castella CDP,41.177248,-122.287241
Castle Hill CDP,37.874718,-122.058582
Castro Valley CDP,37.708276,-122.062769
Castroville CDP,36.76484,-121.753376
Cathedral City city,33.835487,-116.463103
Catheys Valley CDP,37.427706,-120.096038
Cayucos CDP,35.439581,-120.889828
Cazadero CDP,38.527831,-123.109799
Cedar Flat CDP,39.206907,-120.094902
Cedar Ridge CDP,38.065736,-120.273869
Cedar Slope CDP,36.145464,-118.578881
Cedarville CDP,41.528683,-120.174433
Centerville CDP,36.736117,-119.496006
Centerville CDP,40.542902,-122.464505
Ceres city,37.598786,-120.968081
Cerritos city,33.867745,-118.069471
Chalfant CDP,37.492115,-118.390408
Challenge-Brownsville CDP,39.464617,-121.26325
Channel Islands Beach CDP,34.16896,-119.228542
Charleston View CDP,35.964629,-115.897235
Charter Oak CDP,34.102492,-117.856282
Cherokee CDP,39.650877,-121.533646
Cherokee Strip CDP,35.469567,-119.261525
Cherry Valley CDP,33.979642,-116.969371
Cherryland CDP,37.679216,-122.103777
Chester CDP,40.301675,-121.232503
Chico city,39.758951,-121.81772
Chilcoot-Vinton CDP,39.806744,-120.138861
China Lake Acres CDP,35.640019,-117.766458
Chinese Camp CDP,37.870215,-120.444225
Chino city,33.978037,-117.657719
Chino Hills city,33.942969,-117.725648
Choctaw Valley CDP,35.448555,-118.887191
Chowchilla city,37.116104,-120.241978
Chualar CDP,36.571113,-121.510295
Chula Vista city,32.62767,-117.01517
Citrus CDP,34.113438,-117.891301
Citrus Heights city,38.69481,-121.287953
Claremont city,34.124925,-117.713923
Clarksburg CDP,38.419335,-121.541617
Clay CDP,38.314038,-121.159591
Clayton city,37.940322,-121.930075
Clear Creek CDP,40.307086,-121.0554
Clearlake city,38.960045,-122.633232
Clearlake Oaks CDP,39.020605,-122.656939
Clearlake Riviera CDP,38.951383,-122.722243
Cleone CDP,39.490154,-123.775692
Clio CDP,39.754217,-120.566728
Clipper Mills CDP,39.532424,-121.166552
Cloverdale city,38.794795,-123.014703
Clovis city,36.828967,-119.684922
Clyde CDP,38.02539,-122.028016
Coachella city,33.69038,-116.143128
Coalinga city,36.133056,-120.339029
Coarsegold CDP,37.239184,-119.700972
Cobb CDP,38.835329,-122.722435
Coffee Creek CDP,41.079673,-122.716906
Cohasset CDP,39.902152,-121.745368
Cold Springs CDP,38.74644,-120.873807
Cold Springs CDP,38.161335,-120.053527
Coleville CDP,38.580561,-119.502863
Colfax city,39.093799,-120.953222
College City CDP,39.006085,-122.005134
Collierville CDP,38.212831,-121.264972
Colma town,37.676697,-122.452821
Coloma CDP,38.802616,-120.894635
Colton city,34.054525,-117.325029
Columbia CDP,38.031227,-120.413398
Colusa city,39.200023,-122.009481
Commerce city,33.994523,-118.149952
Comptche CDP,39.265134,-123.589715
Compton city,33.894047,-118.227469
Concord city,37.972184,-122.001587
Concow CDP,39.770316,-121.513493
Contra Costa Centre CDP,37.925963,-122.053977
Copperopolis CDP,37.939092,-120.625141
Corcoran city,36.084057,-119.561268
Corning city,39.9282,-122.182009
Corona city,33.861969,-117.565495
Coronado city,32.657625,-117.156539
Coronita CDP,33.875877,-117.610983
Corralitos CDP,36.98423,-121.789432
Corte Madera town,37.931846,-122.507738
Costa Mesa city,33.665905,-117.912336
Cotati city,38.328492,-122.710049
Coto de Caza CDP,33.597037,-117.586484
Cottonwood CDP,35.345588,-118.985856
Cottonwood CDP,40.390291,-122.315631
Coulterville CDP,37.712573,-120.196062
Country Club CDP,37.968036,-121.340482
Courtland CDP,38.332911,-121.557026
Covelo CDP,39.800187,-123.252601
Covina city,34.090475,-117.882143
Cowan CDP,37.560105,-120.988787
Crescent City city,41.764514,-124.200779
Crescent Mills CDP,40.100741,-120.921706
Cressey CDP,37.42103,-120.65569
Crest CDP,32.80002,-116.867078
Crestline CDP,34.254077,-117.286709
Creston CDP,35.517097,-120.518136
Crockett CDP,38.051919,-122.220127
Cromberg CDP,39.868383,-120.690446
Crowley Lake CDP,37.568742,-118.746421
Crows Landing CDP,37.394443,-121.075166
Cudahy city,33.964003,-118.182561
Culver City city,34.00582,-118.396781
Cupertino city,37.3194,-122.044957
Cutler CDP,36.524664,-119.288829
Cutten CDP,40.765684,-124.144461
Cuyama CDP,34.931057,-119.61488
Cypress city,33.818477,-118.038307
Dales CDP,40.317989,-122.053844
Daly City city,37.686193,-122.468669
Dana Point city,33.475452,-117.693087
Danville town,37.812142,-121.969824
Daphnedale Park CDP,41.506864,-120.548069
Darwin CDP,36.268803,-117.589004
Davenport CDP,37.017779,-122.187885
Davis city,38.556147,-121.737793
Day Valley CDP,37.025439,-121.855931
Deer Park CDP,38.535176,-122.470152
Del Aire CDP,33.916738,-118.36929
Del Dios CDP,33.075682,-117.119036
Del Mar city,32.963945,-117.259804
Del Monte Forest CDP,36.583834,-121.946714
Del Rey CDP,36.656464,-119.598135
Del Rey Oaks city,36.589699,-121.829527
Del Rio CDP,37.745907,-121.009293
Delano city,35.76643,-119.264221
Delft Colony CDP,36.513809,-119.446522
Delhi CDP,37.430599,-120.775899
Delleker CDP,39.813251,-120.489671
Denair CDP,37.525398,-120.797433
Derby Acres CDP,35.244025,-119.603833
Descanso CDP,32.869565,-116.627878
Desert Center CDP,33.737799,-115.366622
Desert Edge CDP,33.922289,-116.440092
Desert Hot Springs city,33.957591,-116.542284
Desert Palms CDP,33.779144,-116.298219
Desert Shores CDP,33.403803,-116.039206
Desert View Highlands CDP,34.590263,-118.153537
Di Giorgio CDP,35.249118,-118.844154
Diablo CDP,37.840774,-121.956477
Diablo Grande CDP,37.399047,-121.263511
Diamond Bar city,34.001573,-117.817601
Diamond Springs CDP,38.692014,-120.838684
Dillon Beach CDP,38.243488,-122.955955
Dinuba city,36.545121,-119.398805
Discovery Bay CDP,37.908131,-121.597196
Dixon city,38.447512,-121.824223
Dixon Lane-MeadowCreek CDP,37.386388,-118.415273
Dobbins CDP,39.35659,-121.210378
Dogtown CDP,38.208667,-121.154809
Dollar Point CDP,39.189626,-120.109426
Dorrington CDP,38.304479,-120.266321
Dorris city,41.964965,-121.920387
Dos Palos city,36.985424,-120.633845
Dos Palos Y CDP,37.04684,-120.639473
Douglas City CDP,40.644953,-122.927426
Douglas Flat CDP,38.114619,-120.452862
Downey city,33.938237,-118.130856
Downieville CDP,39.578643,-120.816405
Doyle CDP,40.027223,-120.11537
Drytown CDP,38.441489,-120.860504
Duarte city,34.160967,-117.950447
Dublin city,37.716137,-121.896229
Ducor CDP,35.892701,-119.04701
Dunnigan CDP,38.892643,-121.974184
Dunsmuir city,41.231526,-122.270939
Durham CDP,39.629358,-121.79077
Dustin Acres CDP,35.215929,-119.374987
Dutch Flat CDP,39.208008,-120.834476
Eagleville CDP,41.318993,-120.114607
Earlimart CDP,35.891354,-119.272092
East Bakersfield CDP,35.383185,-118.974368
East Foothills CDP,37.382607,-121.813749
East Hemet CDP,33.730114,-116.941001
East Los Angeles CDP,34.031506,-118.168567
East Nicolaus CDP,38.910044,-121.544319
East Niles CDP,35.368273,-118.922462
East Oakdale CDP,37.783867,-120.798631
East Orosi CDP,36.548069,-119.259853
East Palo Alto city,37.46778,-122.13255
East Pasadena CDP,34.136798,-118.077535
East Porterville CDP,36.058155,-118.974892
East Quincy CDP,39.91643,-120.91894
East Rancho Dominguez CDP,33.894841,-118.195586
East Richmond Heights CDP,37.945084,-122.31391
East San Gabriel CDP,34.116189,-118.079886
East Shore CDP,40.245269,-121.076778
East Sonora CDP,37.974241,-120.338035
East Tulare Villa CDP,36.203763,-119.280335
East Whittier CDP,33.924376,-117.988732
Eastern Goleta Valley CDP,34.443913,-119.785477
Easton CDP,36.652391,-119.790786
Eastvale city,33.963274,-117.582369
Edgewood CDP,41.460773,-122.425687
Edison CDP,35.347313,-118.869826
Edmundson Acres CDP,35.227296,-118.823252
Edna CDP,35.210786,-120.605968
Edwards AFB CDP,34.902408,-117.921869
El Adobe CDP,35.245083,-118.958842
El Cajon city,32.801673,-116.960468
El Centro city,32.786351,-115.560206
El Centro Naval Air Facility CDP,32.825232,-115.668072
El Cerrito city,37.919574,-122.302519
El Cerrito CDP,33.838186,-117.522205
El Dorado Hills CDP,38.676082,-121.0477
El Granada CDP,37.514166,-122.464803
El Macero CDP,38.544019,-121.685168
El Monte city,34.074633,-118.029136
El Monte Mobile Village CDP,36.547075,-119.425049
El Nido CDP,37.132376,-120.498551
El Paso de Robles (Paso Robles) city,35.628513,-120.650356
El Portal CDP,37.673241,-119.787716
El Rancho CDP,36.220684,-119.068357
El Rio CDP,34.245364,-119.156763
El Segundo city,33.910367,-118.425079
El Sobrante CDP,37.973624,-122.303141
El Sobrante CDP,33.872465,-117.462517
El Verano CDP,38.297465,-122.491544
Eldridge CDP,38.333887,-122.506518
Elfin Forest CDP,33.081232,-117.177443
Elizabeth Lake CDP,34.656488,-118.379847
Elk Creek CDP,39.598678,-122.53232
Elk Grove city,38.414621,-121.384961
Elkhorn CDP,36.810673,-121.718699
Elmira CDP,38.352329,-121.907719
Elverta CDP,38.718464,-121.445475
Emerald Lake Hills CDP,37.46566,-122.265351
Emeryville city,37.838473,-122.301682
Empire CDP,37.643057,-120.907038
Encinitas city,33.050632,-117.263616
Escalon city,37.791336,-120.999643
Escondido city,33.133053,-117.074043
Esparto CDP,38.69341,-122.024046
Etna city,41.458199,-122.895819
Eucalyptus Hills CDP,32.885177,-116.944983
Eureka city,40.797594,-124.154191
Exeter city,36.294137,-119.145953
Fair Oaks CDP,38.650154,-121.25097
Fairbanks Ranch CDP,32.991596,-117.186611
Fairfax CDP,35.346885,-118.933806
Fairfax town,37.988532,-122.595208
Fairfield city,38.26206,-122.032386
Fairhaven CDP,40.788293,-124.201421
Fairmead CDP,37.077466,-120.193659
Fairview CDP,37.677667,-122.044434
Fall River Mills CDP,41.007241,-121.441134
Fallbrook CDP,33.374235,-117.220375
Farmersville city,36.304739,-119.208605
Farmington CDP,37.929868,-121.004367
Fellows CDP,35.177929,-119.547211
Felton CDP,37.039222,-122.080764
Ferndale city,40.578144,-124.261247
Fetters Hot Springs-Agua Caliente CDP,38.327504,-122.487137
Fiddletown CDP,38.506864,-120.760149
Fieldbrook CDP,40.972958,-124.028586
Fields Landing CDP,40.724236,-124.218603
Fillmore city,34.398958,-118.91746
Firebaugh city,36.853745,-120.453746
Fish Camp CDP,37.4799,-119.640911
Florence-Graham CDP,33.968159,-118.244667
Florin CDP,38.48315,-121.404326
Floriston CDP,39.39293,-120.015113
Flournoy CDP,39.928339,-122.445793
Folsom city,38.666597,-121.141635
Fontana city,34.109686,-117.462888
Foothill Farms CDP,38.686732,-121.347478
Forbestown CDP,39.527584,-121.266222
Ford City CDP,35.164735,-119.4584
Forest Meadows CDP,38.171801,-120.397737
Forest Ranch CDP,39.895204,-121.670451
Foresta CDP,37.698779,-119.748274
Foresthill CDP,39.005286,-120.831355
Forestville CDP,38.482491,-122.889884
Fort Bidwell CDP,41.863301,-120.159395
Fort Bragg city,39.439803,-123.801757
Fort Dick CDP,41.869526,-124.167206
Fort Hunter Liggett CDP,35.992329,-121.23487
Fort Irwin CDP,35.247701,-116.683411
Fort Jones city,41.608452,-122.841066
Fort Washington CDP,36.879298,-119.761256
Fortuna city,40.587084,-124.142161
Foster City city,37.56482,-122.250782
Fountain Valley city,33.710582,-117.951129
Fowler city,36.62412,-119.674699
Franklin CDP,37.327529,-120.532089
Franklin CDP,38.367521,-121.461629
Frazier Park CDP,34.814193,-118.954961
Freedom CDP,36.940254,-121.795246
Freeport CDP,38.462935,-121.502107
Fremont city,37.49446,-121.94115
French Camp CDP,37.866024,-121.274154
French Gulch CDP,40.718793,-122.629357
French Valley CDP,33.599461,-117.106495
Fresno city,36.782684,-119.793359
Friant CDP,36.984012,-119.70806
Fruitdale CDP,37.311711,-121.935765
Fruitridge Pocket CDP,38.532613,-121.455807
Fuller Acres CDP,35.302254,-118.914295
Fullerton city,33.885716,-117.928025
Fulton CDP,38.493709,-122.773417
Furnace Creek CDP,36.427669,-116.87469
Galt city,38.268458,-121.298952
Garberville CDP,40.100306,-123.794315
Garden Acres CDP,37.963697,-121.22961
Garden Farms CDP,35.415782,-120.614034
Garden Grove city,33.778782,-117.960472
Gardena city,33.894417,-118.307522
Garey CDP,34.885821,-120.31375
Garnet CDP,33.917892,-116.479609
Gasquet CDP,41.836075,-123.976031
Gazelle CDP,41.51187,-122.521946
Georgetown CDP,38.911353,-120.834624
Gerber CDP,40.061417,-122.148201
Geyserville CDP,38.717314,-122.903423
Gilroy city,37.006407,-121.585321
Glen Ellen CDP,38.355323,-122.543306
Glencoe CDP,38.353042,-120.57329
Glendale city,34.181393,-118.24583
Glendora city,34.144964,-117.847804
Glennville CDP,35.724194,-118.715217
Gold Mountain CDP,39.761315,-120.519054
Gold River CDP,38.626854,-121.249164
Golden Hills CDP,35.136422,-118.497592
Goleta city,34.435441,-119.858946
Gonzales city,36.505979,-121.442918
Good Hope CDP,33.770627,-117.277199
Goodmanville CDP,35.428994,-118.943719
Goodyears Bar CDP,39.552354,-120.893102
Goshen CDP,36.349266,-119.420621
Graeagle CDP,39.752477,-120.645449
Grand Terrace city,34.031085,-117.3131
Grangeville CDP,36.343898,-119.707467
Granite Bay CDP,38.760441,-121.168196
Granite Hills CDP,32.80328,-116.90561
Graniteville CDP,39.444366,-120.73603
Grass Valley city,39.220305,-121.052654
Graton CDP,38.437517,-122.865988
Grayson CDP,37.564577,-121.18005
Greeley Hill CDP,37.757043,-120.130759
Green Acres CDP,33.734972,-117.078244
Green Valley CDP,34.617415,-118.405023
Green Valley CDP,38.263842,-122.162496
Greenacres CDP,35.383159,-119.118381
Greenfield CDP,35.269489,-119.009491
Greenfield city,36.323977,-121.243699
Greenhorn CDP,39.902968,-120.758983
Greenview CDP,41.544922,-122.920964
Greenville CDP,40.133603,-120.945333
Grenada CDP,41.6401,-122.526627
Gridley city,39.362229,-121.69708
Grimes CDP,39.074154,-121.898775
Grizzly Flats CDP,38.635696,-120.535435
Groveland CDP,37.831966,-120.241581
Grover Beach city,35.120888,-120.619664
Guadalupe city,34.964929,-120.573127
Guerneville CDP,38.517165,-122.989897
Guinda CDP,38.827374,-122.198359
Gustine city,37.252549,-120.995513
Hacienda Heights CDP,33.995853,-117.973023
Half Moon Bay city,37.467319,-122.440485
Hamilton City CDP,39.742678,-122.010946
Hamilton Branch CDP,40.27725,-121.096092
Hanford city,36.327741,-119.65462
Happy Camp CDP,41.815893,-123.392796
Happy Valley CDP,40.466141,-122.417969
Harbison Canyon CDP,32.827274,-116.83807
Hardwick CDP,36.402596,-119.72077
Harmony Grove CDP,33.100717,-117.137992
Hartland CDP,36.653867,-118.958812
Hartley CDP,38.420393,-121.950842
Hasley Canyon CDP,34.481599,-118.666689
Hat Creek CDP,40.789806,-121.474515
Hathaway Pines CDP,38.190063,-120.361495
Hawaiian Gardens city,33.830482,-118.073451
Hawthorne city,33.914775,-118.348083
Hayfork CDP,40.575871,-123.123629
Hayward city,37.626826,-122.104015
Healdsburg city,38.622526,-122.865133
Heber CDP,32.732494,-115.529398
Hemet city,33.734068,-116.996808
Herald CDP,38.288403,-121.231066
Hercules city,38.021427,-122.288929
Herlong CDP,40.141722,-120.139657
Hermosa Beach city,33.869819,-118.405296
Hesperia city,34.397038,-117.315198
Hickman CDP,37.619316,-120.751219
Hidden Hills city,34.163744,-118.66121
Hidden Meadows CDP,33.223634,-117.119826
Hidden Valley Lake CDP,38.801498,-122.551422
Highgrove CDP,34.010577,-117.309817
Highland city,34.113473,-117.165729
Highlands CDP,37.520022,-122.3459
Hillcrest CDP,35.37897,-118.957853
Hillsborough town,37.557206,-122.358541
Hilmar-Irwin CDP,37.404543,-120.850426
Hiouchi CDP,41.793664,-124.066113
Hollister city,36.855599,-121.398598
Holtville city,32.813781,-115.378319
Home Garden CDP,36.302832,-119.637073
Home Gardens CDP,33.878328,-117.511535
Homeland CDP,33.745881,-117.113241
Homestead Valley CDP,34.273004,-116.414549
Homewood Canyon CDP,35.89004,-117.386414
Honcut CDP,39.332591,-121.538759
Hood CDP,38.369291,-121.515488
Hoopa CDP,41.079639,-123.69766
Hopland CDP,38.96883,-123.116899
Hornbrook CDP,41.904505,-122.558319
Hornitos CDP,37.502525,-120.238859
Hughson city,37.602135,-120.866004
Humboldt Hill CDP,40.722316,-124.197381
Huntington Beach city,33.698007,-118.003834
Huntington Park city,33.979248,-118.217438
Huron city,36.204234,-120.095311
Hyampom CDP,40.626179,-123.46883
Hydesville CDP,40.557875,-124.08225
Hypericum CDP,36.256167,-119.216933
Idlewild CDP,35.809588,-118.670463
Idyllwild-Pine Cove CDP,33.744209,-116.73069
Igo CDP,40.49774,-122.549621
Imperial city,32.838801,-115.572012
Imperial Beach city,32.56914,-117.114921
Independence CDP,36.83031,-118.207855
Indian Falls CDP,40.05875,-120.980314
Indian Wells city,33.699892,-116.32955
Indianola CDP,40.809964,-124.078447
Indio city,33.731639,-116.235971
Indio Hills CDP,33.84106,-116.248473
Industry city,34.026232,-117.940327
Inglewood city,33.956068,-118.344274
Interlaken CDP,36.950603,-121.737519
Inverness CDP,38.082796,-122.854943
Inyokern CDP,35.654387,-117.819476
Ione city,38.362862,-120.947685
Iron Horse CDP,39.780481,-120.482291
Irvine city,33.678399,-117.771254
Irwindale city,34.111855,-117.963614
Isla Vista CDP,34.412179,-119.860657
Isleton city,38.161252,-121.604958
Ivanhoe CDP,36.383439,-119.220088
Jackson city,38.348488,-120.772822
Jacumba CDP,32.636478,-116.190706
Jamestown CDP,37.958212,-120.407062
Jamul CDP,32.71841,-116.870862
Janesville CDP,40.301105,-120.490318
Jenner CDP,38.459034,-123.127467
Johannesburg CDP,35.371876,-117.641803
Johnson Park CDP,40.921179,-121.629531
Johnstonville CDP,40.380198,-120.586134
Johnsville CDP,39.76971,-120.699783
Jones Valley CDP,40.701315,-122.242004
Joshua Tree CDP,34.123633,-116.312862
Jovista CDP,35.794014,-119.18957
Julian CDP,33.073502,-116.588883
Junction City CDP,40.736022,-123.084644
June Lake CDP,37.761783,-119.114729
Jurupa Valley city,34.002591,-117.467612
Keddie CDP,40.005944,-120.952416
Keeler CDP,36.486718,-117.87333
Keene CDP,35.23178,-118.613067
Kelly Ridge CDP,39.528803,-121.466259
Kelseyville CDP,38.970184,-122.831384
Kennedy CDP,37.929042,-121.245783
Kennedy Meadows CDP,36.007639,-118.109947
Kensington CDP,37.905144,-122.284226
Kentfield CDP,37.935873,-122.558999
Kenwood CDP,38.415408,-122.538753
Kep'el CDP,41.284142,-123.819006
Kerman city,36.725041,-120.062473
Kernville CDP,35.755017,-118.430907
Keswick CDP,40.612959,-122.460779
Kettleman City CDP,36.008985,-119.962852
Keyes CDP,37.557308,-120.911375
King City city,36.216283,-121.131962
Kings Beach CDP,39.247528,-120.019903
Kingsburg city,36.525193,-119.566565
Kingvale CDP,39.320997,-120.438309
Kirkwood CDP,38.689265,-120.054979
Klamath CDP,41.572859,-124.055606
Knights Ferry CDP,37.821152,-120.669089
Knights Landing CDP,38.797972,-121.717447
Knightsen CDP,37.962426,-121.64858
La CaÃ±ada Flintridge city,34.20969,-118.200139
La Crescenta-Montrose CDP,34.233016,-118.235774
La Cresta CDP,35.397201,-118.989312
La Grange CDP,37.663456,-120.463147
La Habra city,33.927927,-117.951554
La Habra Heights city,33.958959,-117.948973
La Honda CDP,37.317705,-122.25843
La Mesa city,32.769495,-117.021923
La Mirada city,33.902045,-118.008961
La Palma city,33.850616,-118.039565
La Porte CDP,39.672508,-120.985244
La Presa CDP,32.712315,-117.00371
La Puente city,34.032333,-117.95352
La Quinta city,33.646083,-116.275297
La Riviera CDP,38.568538,-121.354962
La Selva Beach CDP,36.927375,-121.844404
La Verne city,34.120521,-117.769928
La Vina CDP,36.879865,-120.114802
Ladera CDP,37.399875,-122.198971
Ladera Heights CDP,33.996776,-118.370028
Ladera Ranch CDP,33.549146,-117.641741
Lafayette city,37.891004,-122.119529
Laguna Beach city,33.54337,-117.761801
Laguna Hills city,33.591216,-117.697621
Laguna Niguel city,33.528654,-117.701253
Laguna Woods city,33.612058,-117.730319
Lagunitas-Forest Knolls CDP,38.018026,-122.691303
Lake City CDP,41.645317,-120.222097
Lake Almanor Country Club CDP,40.257771,-121.146958
Lake Almanor Peninsula CDP,40.28121,-121.134454
Lake Almanor West CDP,40.233573,-121.202075
Lake Arrowhead CDP,34.254027,-117.178091
Lake California CDP,40.358355,-122.208843
Lake Davis CDP,39.852428,-120.45841
Lake Don Pedro CDP,37.64142,-120.36436
Lake Elsinore city,33.685956,-117.335404
Lake Forest city,33.654946,-117.675848
Lake Hughes CDP,34.682415,-118.451938
Lake Isabella CDP,35.637098,-118.48261
Lake Los Angeles CDP,34.609839,-117.830337
Lake Mathews CDP,33.824966,-117.368343
Lake Nacimiento CDP,35.730962,-120.869516
Lake of the Pines CDP,39.038746,-121.061341
Lake of the Woods CDP,34.827138,-118.997304
Lake Riverside CDP,33.518735,-116.812103
Lake San Marcos CDP,33.122362,-117.208576
Lake Shastina CDP,41.523127,-122.376366
Lake Sherwood CDP,34.131803,-118.884714
Lake Wildwood CDP,39.23324,-121.19773
Lakehead CDP,40.903436,-122.399658
Lakeland Village CDP,33.648956,-117.366823
Lakeport city,39.038333,-122.922633
Lakeside CDP,35.234667,-119.082858
Lakeside CDP,32.856617,-116.904237
Lakeview CDP,33.828465,-117.123334
Lakewood city,33.847135,-118.121894
Lamont CDP,35.265142,-118.916042
Lanare CDP,36.437723,-119.932199
Lancaster city,34.693558,-118.175305
Larkfield-Wikiup CDP,38.512972,-122.753601
Larkspur city,37.940544,-122.530229
Las Flores CDP,33.583836,-117.623741
Las Flores CDP,40.072141,-122.157312
Las Lomas CDP,36.868813,-121.731611
Lathrop city,37.808666,-121.317765
Laton CDP,36.43141,-119.697597
Lawndale city,33.888435,-118.353143
Laytonville CDP,39.662256,-123.495015
Le Grand CDP,37.228815,-120.254002
Lebec CDP,34.844614,-118.899237
Lee Vining CDP,37.954899,-119.122014
Leggett CDP,39.863539,-123.725176
Lemon Cove CDP,36.38088,-119.02846
Lemon Grove city,32.733071,-117.034413
Lemon Hill CDP,38.517232,-121.457279
Lemoore city,36.294365,-119.798253
Lemoore Station CDP,36.263278,-119.904836
Lennox CDP,33.938068,-118.35854
Lenwood CDP,34.886056,-117.107773
Leona Valley CDP,34.608144,-118.301322
Lewiston CDP,40.696931,-122.822509
Lexington Hills CDP,37.159016,-121.988793
Likely CDP,41.226827,-120.501236
Lincoln city,38.874464,-121.292886
Lincoln Village CDP,38.005471,-121.333843
Linda CDP,39.124142,-121.542173
Lindcove CDP,36.358027,-119.064584
Linden CDP,38.01814,-121.101562
Lindsay city,36.209096,-119.093259
Linnell Camp CDP,36.308887,-119.222583
Litchfield CDP,40.387702,-120.380705
Little Grass Valley CDP,39.725246,-120.959073
Little River CDP,39.270285,-123.781749
Little Valley CDP,40.893049,-121.178041
Littlerock CDP,34.525126,-117.981631
Live Oak CDP,36.986024,-121.980414
Live Oak city,39.278802,-121.662439
Livermore city,37.686977,-121.759781
Livingston city,37.387281,-120.724943
Lockeford CDP,38.149128,-121.154309
Lockwood CDP,38.486691,-120.603425
Lockwood CDP,35.940083,-121.078282
Lodi city,38.12161,-121.290765
Lodoga CDP,39.304272,-122.505944
Loleta CDP,40.640885,-124.222556
Loma Linda city,34.042932,-117.248872
Loma Mar CDP,37.265784,-122.300692
Loma Rica CDP,39.320318,-121.403831
Lomita city,33.793306,-118.317455
Lompico CDP,37.114619,-122.052768
Lompoc city,34.662689,-120.470837
London CDP,36.48048,-119.44494
Lone Pine CDP,36.574447,-118.08061
Long Barn CDP,38.093263,-120.134686
Long Beach city,33.780791,-118.16818
Lookout CDP,41.210401,-121.15296
Loomis town,38.809368,-121.195467
Los Alamitos city,33.796911,-118.061244
Los Alamos CDP,34.741803,-120.274596
Los Altos city,37.368431,-122.09657
Los Altos Hills town,37.366808,-122.13865
Los Angeles city,34.019394,-118.410825
Los Banos city,37.063184,-120.840304
Los Berros CDP,35.080907,-120.545036
Los Gatos town,37.229912,-121.956814
Los Molinos CDP,40.027074,-122.097971
Los Olivos CDP,34.661506,-120.117436
Los Osos CDP,35.307083,-120.824522
Los Ranchos CDP,35.212699,-120.62803
Lost Hills CDP,35.632721,-119.677889
Lower Lake CDP,38.913034,-122.606987
Loyalton city,39.676855,-120.244811
Loyola CDP,37.350325,-122.097973
Lucas Valley-Marinwood CDP,38.040509,-122.576482
Lucerne CDP,39.05677,-122.770289
Lucerne Valley CDP,34.442719,-116.902093
Lynwood city,33.923959,-118.201655
Lytle Creek CDP,34.249926,-117.504431
Mabie CDP,39.77706,-120.544699
Macdoel CDP,41.826173,-122.005885
Mad River CDP,40.432532,-123.492061
Madeline CDP,41.05141,-120.475434
Madera city,36.965774,-120.08616
Madera Acres CDP,37.012656,-120.079727
Madera Ranchos CDP,36.92791,-119.877283
Madison CDP,38.674988,-121.970254
Magalia CDP,39.818752,-121.607748
Malaga CDP,36.681602,-119.731786
Malibu city,34.02586,-118.759643
Mammoth Lakes town,37.624435,-118.988432
Manchester CDP,38.974384,-123.690961
Manhattan Beach city,33.90087,-118.420715
Manila CDP,40.850897,-124.163193
Manteca city,37.792839,-121.226076
Manton CDP,40.426679,-121.850421
March ARB CDP,33.889184,-117.277729
Maricopa city,35.050942,-119.406605
Marin City CDP,37.871156,-122.513736
Marina city,36.680256,-121.789368
Marina del Rey CDP,33.976373,-118.450888
Mariposa CDP,37.491217,-119.973216
Markleeville CDP,38.684002,-119.822738
Martell CDP,38.367328,-120.807187
Martinez city,37.998116,-122.114419
Marysville city,39.151535,-121.583374
Matheny CDP,36.170646,-119.351608
Mather CDP,38.548362,-121.283841
Maxwell CDP,39.277078,-122.194676
Mayfair CDP,36.769346,-119.761262
Mayflower Village CDP,34.115931,-118.009581
Maywood city,33.988548,-118.187707
McArthur CDP,41.041995,-121.40524
McClellan Park CDP,38.662896,-121.401656
McClenney Tract CDP,35.821984,-118.647839
McCloud CDP,41.254739,-122.136221
McFarland city,35.667286,-119.230722
McGee Creek CDP,37.572665,-118.791
McKinleyville CDP,40.951571,-124.077357
McKittrick CDP,35.298028,-119.624921
McSwain CDP,37.314505,-120.586758
Mead Valley CDP,33.833311,-117.2852
Meadow Valley CDP,39.932312,-121.083086
Meadow Vista CDP,39.001718,-121.037582
Meadowbrook CDP,33.725782,-117.285086
Mecca CDP,33.576566,-116.064661
Meiners Oaks CDP,34.455349,-119.270166
Mendocino CDP,39.312451,-123.792402
Mendota city,36.757595,-120.380474
Menifee city,33.689858,-117.184383
Menlo Park city,37.479731,-122.148055
Mentone CDP,34.060639,-117.11502
Merced city,37.305712,-120.477905
Meridian CDP,39.140437,-121.9079
Mesa CDP,37.416833,-118.539115
Mesa Verde CDP,33.5957,-114.731604
Mesa Vista CDP,38.810287,-119.803267
Mettler CDP,35.063563,-118.97298
Mexican Colony CDP,35.46893,-119.268712
Meyers CDP,38.834787,-120.01856
Mi-Wuk Village CDP,38.057735,-120.176698
Middletown CDP,38.751877,-122.622103
Midpines CDP,37.553411,-119.928791
Midway City CDP,33.745119,-117.984843
Milford CDP,40.149467,-120.370196
Mill Valley city,37.908122,-122.542325
Millbrae city,37.59897,-122.401991
Millerton CDP,36.976926,-119.665775
Millville CDP,40.559569,-122.175569
Milpitas city,37.433141,-121.890924
Mineral CDP,40.402713,-121.550844
Minkler CDP,36.727624,-119.45885
Mira Monte CDP,34.431119,-119.287201
Miranda CDP,40.228687,-123.817584
Mission Canyon CDP,34.456253,-119.717041
Mission Hills CDP,34.688779,-120.43975
Mission Viejo city,33.609335,-117.656471
Modesto city,37.637533,-121.003049
Modjeska CDP,33.709133,-117.629704
Mohawk Vista CDP,39.804822,-120.588312
Mojave CDP,35.014995,-118.190209
Mokelumne Hill CDP,38.308484,-120.705617
Monmouth CDP,36.565621,-119.740475
Mono City CDP,38.032123,-119.147399
Mono Vista CDP,38.013432,-120.270048
Monrovia city,34.163984,-117.984646
Monson CDP,36.49242,-119.33612
Montague city,41.727088,-122.530511
Montalvin Manor CDP,37.997583,-122.330093
Montara CDP,37.548263,-122.492362
Montclair city,34.071493,-117.69808
Monte Rio CDP,38.473611,-123.026178
Monte Sereno city,37.24041,-121.988235
Montebello city,34.015444,-118.111012
Montecito CDP,34.418642,-119.633117
Monterey city,36.601193,-121.88311
Monterey Park city,34.04838,-118.133165
Monterey Park Tract CDP,37.526814,-121.011487
Montgomery Creek CDP,40.842838,-121.920661
Monument Hills CDP,38.664105,-121.875389
Moorpark city,34.285942,-118.87704
Morada CDP,38.038626,-121.245892
Moraga town,37.845693,-122.123217
Moreno Valley city,33.923253,-117.205685
Morgan Hill city,37.132495,-121.641891
Morongo Valley CDP,34.072377,-116.562727
Morro Bay city,35.366773,-120.868289
Moskowite Corner CDP,38.443874,-122.19199
Moss Beach CDP,37.51333,-122.498389
Moss Landing CDP,36.805389,-121.786577
Mount Hebron CDP,41.785573,-122.0079
Mount Hermon CDP,37.051032,-122.053348
Mount Laguna CDP,32.871105,-116.424687
Mount Shasta city,41.32088,-122.315481
Mountain Center CDP,33.710749,-116.723312
Mountain Gate CDP,40.718456,-122.326225
Mountain House CDP,37.767301,-121.544934
Mountain Meadows CDP,35.093565,-118.432687
Mountain Mesa CDP,35.641137,-118.404645
Mountain Ranch CDP,38.211721,-120.531115
Mountain View CDP,38.009205,-122.11685
Mountain View city,37.399686,-122.079269
Mountain View Acres CDP,34.497558,-117.347173
Mt. Bullion CDP,37.508618,-120.042081
Muir Beach CDP,37.861565,-122.580322
Murphys CDP,38.136093,-120.443942
Murrieta city,33.572134,-117.190444
Muscoy CDP,34.155176,-117.347721
Myers Flat CDP,40.265478,-123.875548
Myrtletown CDP,40.788731,-124.130658
Napa city,38.297872,-122.300741
National City city,32.665862,-117.097361
Needles city,34.813426,-114.626639
Nevada City city,39.259608,-121.033326
New Cuyama CDP,34.943057,-119.682018
New Pine Creek CDP,41.98727,-120.300964
Newark city,37.504253,-122.03191
Newcastle CDP,38.866731,-121.131984
Newell CDP,41.888731,-121.360249
Newman city,37.316128,-121.021424
Newport Beach city,33.597332,-117.890352
Nicasio CDP,38.060622,-122.700822
Nice CDP,39.126181,-122.85533
Nicolaus CDP,38.89819,-121.572837
Niland CDP,33.238708,-115.51444
Nipinnawasee CDP,37.403053,-119.729269
Nipomo CDP,35.03066,-120.497757
Norco city,33.925519,-117.551958
Nord CDP,39.773787,-121.954903
Norris Canyon CDP,37.745757,-121.988091
North Auburn CDP,38.930693,-121.081081
North Edwards CDP,35.047332,-117.809362
North El Monte CDP,34.102927,-118.023862
North Fair Oaks CDP,37.475426,-122.203459
North Fork CDP,37.234632,-119.521038
North Gate CDP,37.905513,-121.997879
North Highlands CDP,38.671331,-121.372134
North Lakeport CDP,39.086632,-122.909442
North Richmond CDP,37.965269,-122.370649
North San Juan CDP,39.37181,-121.106079
North Shore CDP,33.514576,-115.910959
North Tustin CDP,33.763544,-117.794717
Norwalk city,33.9076,-118.083453
Novato city,38.085087,-122.548272
Nubieber CDP,41.096627,-121.182163
Nuevo CDP,33.801137,-117.141382
Oak Glen CDP,34.041043,-116.962307
Oak Hills CDP,34.389944,-117.403094
Oak Park CDP,34.184984,-118.76694
Oak Run CDP,40.694196,-122.025008
Oak Shores CDP,35.760759,-120.982825
Oak View CDP,34.403037,-119.29895
Oakdale city,37.761666,-120.846434
Oakhurst CDP,37.341396,-119.626215
Oakland city,37.769846,-122.22569
Oakley city,37.996149,-121.693624
Oakville CDP,38.438373,-122.406773
Oasis CDP,33.527529,-116.126093
Occidental CDP,38.400372,-122.934946
Oceano CDP,35.101608,-120.608217
Oceanside city,33.224601,-117.306291
Ocotillo CDP,32.743126,-116.001879
Oildale CDP,35.42926,-119.030576
Ojai city,34.449199,-119.246664
Olancha CDP,36.269787,-118.001258
Old Fig Garden CDP,36.798845,-119.805128
Old River CDP,35.267123,-119.105523
Old Station CDP,40.673204,-121.413348
Old Stine CDP,35.347751,-119.046923
Olde Stockdale CDP,35.347599,-119.079372
Olivehurst CDP,39.079461,-121.556659
Ono CDP,40.478117,-122.625491
Ontario city,34.037648,-117.604433
Onyx CDP,35.67022,-118.227163
Orange city,33.786971,-117.861265
Orange Blossom CDP,37.814722,-120.687332
Orange Cove city,36.621145,-119.31875
Orangevale CDP,38.689359,-121.223077
Orcutt CDP,34.869235,-120.421684
Orick CDP,41.290216,-124.070302
Orinda city,37.88161,-122.168595
Orland city,39.746082,-122.185545
Orosi CDP,36.543271,-119.291419
Oroville city,39.495423,-121.560069
Oroville East CDP,39.49362,-121.483755
Oxnard city,34.199436,-119.207515
Pacheco CDP,37.987852,-122.069828
Pacific Grove city,36.622577,-121.92643
Pacifica city,37.606598,-122.47723
Pajaro CDP,36.901659,-121.74173
Pajaro Dunes CDP,36.868212,-121.805697
Pala CDP,33.363926,-117.067785
Palermo CDP,39.430695,-121.522884
Palm Desert city,33.737635,-116.364145
Palm Springs city,33.803361,-116.53828
Palmdale city,34.591038,-118.105403
Palo Alto city,37.39652,-122.143088
Palo Cedro CDP,40.566236,-122.242837
Palo Verde CDP,33.427843,-114.727095
Paloma CDP,38.260552,-120.764426
Palos Verdes Estates city,33.774271,-118.425754
Panorama Heights CDP,35.806768,-118.627053
Paradise town,39.754192,-121.6064
Paradise CDP,37.482853,-118.602213
Paradise Park CDP,37.006297,-122.042413
Paramount city,33.898883,-118.166629
Parklawn CDP,37.607091,-120.980386
Parksdale CDP,36.946491,-120.021168
Parkway CDP,38.499293,-121.452011
Parkwood CDP,36.929255,-120.048139
Parlier city,36.608993,-119.54361
Pasadena city,34.160602,-118.137954
Pasatiempo CDP,37.003338,-122.026474
Paskenta CDP,39.883275,-122.545834
Patterson city,37.475876,-121.153882
Patterson Tract CDP,36.379521,-119.295604
Patton Village CDP,40.140724,-120.178123
Paxton CDP,40.033606,-121.002569
Paynes Creek CDP,40.3419,-121.924974
Pearsonville CDP,35.822945,-117.87825
Penn Valley CDP,39.195297,-121.194153
Penngrove CDP,38.300619,-122.670641
Penryn CDP,38.848218,-121.169809
Pepperdine University CDP,34.042278,-118.709182
Perris city,33.789849,-117.222171
Pescadero CDP,37.244894,-122.378866
Petaluma city,38.242251,-122.628769
Petaluma Center CDP,38.250652,-122.788841
Peters CDP,37.976157,-121.043809
Phelan CDP,34.439816,-117.524829
Phillipsville CDP,40.210704,-123.781212
Philo CDP,39.065757,-123.445063
Phoenix Lake CDP,38.011347,-120.309
Pico Rivera city,33.989524,-118.089295
Piedmont city,37.822545,-122.230024
Pierpoint CDP,36.140468,-118.629615
Pike CDP,39.427843,-120.999682
Pine Canyon CDP,36.172072,-121.143013
Pine Flat CDP,35.875355,-118.643832
Pine Grove CDP,38.40304,-120.657087
Pine Hills CDP,40.732892,-124.161095
Pine Mountain Club CDP,34.840895,-119.168541
Pine Mountain Lake CDP,37.85954,-120.181662
Pine Valley CDP,32.841513,-116.510706
Pinole city,38.001702,-122.318488
Pioneer CDP,38.433759,-120.586077
Piru CDP,34.405678,-118.805097
Pismo Beach city,35.153173,-120.673874
Pittsburg city,38.016771,-121.896948
Pixley CDP,35.976823,-119.30019
PiÃ±on Hills CDP,34.445607,-117.623563
Placentia city,33.881158,-117.854783
Placerville city,38.731116,-120.797677
Plainview CDP,36.143028,-119.13534
Planada CDP,37.290207,-120.321637
Platina CDP,40.359052,-122.904244
Pleasant Hill city,37.954163,-122.075772
Pleasanton city,37.667185,-121.88123
Pleasure Point CDP,36.959718,-121.970036
Plumas Eureka CDP,39.798242,-120.664441
Plumas Lake CDP,38.979131,-121.558056
Plymouth city,38.471741,-120.857194
Point Arena city,38.912306,-123.695609
Point Reyes Station CDP,38.084647,-122.809226
Pollock Pines CDP,38.757641,-120.590957
Pomona city,34.058494,-117.761091
Ponderosa CDP,36.104693,-118.531915
Poplar-Cotton Center CDP,36.057716,-119.150181
Port Costa CDP,38.044543,-122.184942
Port Hueneme city,34.162143,-119.204177
Porterville city,36.063542,-119.0336
Portola city,39.820799,-120.474293
Portola Valley town,37.365191,-122.232724
Posey CDP,35.805263,-118.682639
Poso Park CDP,35.811272,-118.636537
Post Mountain CDP,40.415949,-123.231604
Potomac Park CDP,35.363538,-118.964963
Potrero CDP,32.613089,-116.606815
Potter Valley CDP,39.317141,-123.10986
Poway city,32.987677,-117.021814
Prattville CDP,40.206005,-121.157456
Princeton CDP,39.401598,-122.01936
Proberta CDP,40.076157,-122.177609
Prunedale CDP,36.811747,-121.65496
Pumpkin Center CDP,35.265301,-119.03241
Quartz Hill CDP,34.651988,-118.215945
Quincy CDP,39.931017,-120.954886
Rackerby CDP,39.426114,-121.35419
Rail Road Flat CDP,38.335576,-120.550131
Rainbow CDP,33.409873,-117.13944
Raisin City CDP,36.603262,-119.909158
Ramona CDP,33.045811,-116.877546
Rancho Calaveras CDP,38.133305,-120.861766
Rancho Cordova city,38.577079,-121.236187
Rancho Cucamonga city,34.130306,-117.566067
Rancho Mirage city,33.763838,-116.430388
Rancho Mission Viejo CDP,33.514003,-117.561795
Rancho Murieta CDP,38.500701,-121.074021
Rancho Palos Verdes city,33.738517,-118.369685
Rancho San Diego CDP,32.762405,-116.919691
Rancho Santa Fe CDP,33.025814,-117.198148
Rancho Santa Margarita city,33.632332,-117.599008
Rancho Tehama Reserve CDP,40.004003,-122.42834
Randsburg CDP,35.368658,-117.660322
Red Bluff city,40.173515,-122.241525
Red Corral CDP,38.412132,-120.607102
Redcrest CDP,40.398775,-123.947415
Redding city,40.570277,-122.366766
Redlands city,34.053506,-117.170476
Redondo Beach city,33.849538,-118.400755
Redway CDP,40.120223,-123.821777
Redwood City city,37.515274,-122.213672
Redwood Valley CDP,39.268548,-123.202758
Reedley city,36.598364,-119.446687
Reliez Valley CDP,37.939888,-122.102695
Rexland Acres CDP,35.305053,-118.996992
Rialto city,34.117419,-117.389215
Richfield CDP,39.973801,-122.173234
Richgrove CDP,35.796612,-119.106903
Richmond city,37.952278,-122.360609
Richvale CDP,39.493735,-121.750766
Ridgecrest city,35.628542,-117.663992
Ridgecrest Heights CDP,35.6019,-117.70418
Ridgemark CDP,36.808241,-121.36228
Rio del Mar CDP,36.957899,-121.884823
Rio Dell city,40.49557,-124.115163
Rio Linda CDP,38.687502,-121.441682
Rio Oso CDP,38.951823,-121.530974
Rio Vista city,38.176672,-121.703406
Ripley CDP,33.523788,-114.652992
Ripon city,37.742007,-121.130373
River Pines CDP,38.545458,-120.742909
Riverbank city,37.726022,-120.94484
Riverdale CDP,36.430402,-119.867178
Riverdale Park CDP,37.602223,-121.039491
Rivergrove CDP,35.440294,-118.941085
Riverside city,33.938143,-117.393168
Robbins CDP,38.866948,-121.707092
Robinson Mill CDP,39.485626,-121.320164
Rocklin city,38.806868,-121.249696
Rodeo CDP,38.036605,-122.253956
Rodriguez Camp CDP,35.808986,-119.138822
Rohnert Park city,38.347617,-122.700896
Rolling Hills city,33.760016,-118.347168
Rolling Hills CDP,36.903962,-119.796624
Rolling Hills Estates city,33.778442,-118.327432
Rollingwood CDP,37.965347,-122.330608
Romoland CDP,33.764806,-117.157107
Rosamond CDP,34.865627,-118.214767
Rose Hills CDP,34.009012,-118.041909
Rosedale CDP,35.388608,-119.205742
Rosemead city,34.06888,-118.08268
Rosemont CDP,38.547729,-121.355371
Roseville city,38.770296,-121.319634
Ross town,37.963821,-122.561614
Rossmoor CDP,33.788691,-118.080326
Rough and Ready CDP,39.234023,-121.138022
Round Mountain CDP,40.797463,-121.937988
Round Valley CDP,37.414163,-118.572273
Rouse CDP,37.619513,-121.008371
Rowland Heights CDP,33.970313,-117.890568
Rumsey CDP,38.893308,-122.243647
Running Springs CDP,34.211362,-117.104572
Ruth CDP,40.293849,-123.348335
Rutherford CDP,38.458864,-122.428831
Sacramento city,38.567694,-121.468161
Sage CDP,33.594066,-116.910385
Salida CDP,37.709123,-121.084825
Salinas city,36.690217,-121.633793
Salmon Creek CDP,38.346212,-123.059329
Salton City CDP,33.299426,-115.960947
Salton Sea Beach CDP,33.375855,-116.011475
Salyer CDP,40.876768,-123.573501
Samoa CDP,40.814609,-124.189215
San Andreas CDP,38.192691,-120.67318
San Anselmo town,37.982117,-122.569921
San Antonio Heights CDP,34.15642,-117.658705
San Ardo CDP,36.023699,-120.907307
San Bernardino city,34.14114,-117.294635
San Bruno city,37.62556,-122.431397
San Buenaventura (Ventura) city,34.26778,-119.254206
San Carlos city,37.499034,-122.267572
San Clemente city,33.449143,-117.61312
San Diego city,32.814977,-117.135562
San Diego Country Estates CDP,33.009376,-116.787314
San Dimas city,34.107957,-117.808529
San Fernando city,34.288652,-118.436243
San Francisco city,37.727239,-123.032229
San Gabriel city,34.094636,-118.098469
San Geronimo CDP,38.006713,-122.663266
San Jacinto city,33.798864,-116.995914
San Joaquin city,36.605569,-120.189922
San Jose city,37.296011,-121.814552
San Juan Bautista city,36.845132,-121.536949
San Juan Capistrano city,33.500889,-117.654388
San Leandro city,37.703368,-122.163036
San Lorenzo CDP,37.6759,-122.135973
San Lucas CDP,36.128349,-121.021732
San Luis Obispo city,35.266195,-120.668438
San Marcos city,33.132567,-117.169892
San Marino city,34.122671,-118.112911
San Martin CDP,37.082881,-121.596322
San Mateo city,37.56031,-122.3106
San Miguel CDP,37.886699,-122.036833
San Miguel CDP,35.753402,-120.692392
San Pablo city,37.962861,-122.342581
San Pasqual CDP,34.139222,-118.102524
San Rafael city,37.981003,-122.50693
San Ramon city,37.765258,-121.931987
San Simeon CDP,35.618206,-121.137438
Sand City city,36.62177,-121.847668
Sanger city,36.698967,-119.557483
Santa Ana city,33.736332,-117.8829
Santa Barbara city,34.403592,-119.713714
Santa Clara city,37.364621,-121.967973
Santa Clarita city,34.416504,-118.500693
Santa Cruz city,36.974385,-122.035268
Santa Fe Springs city,33.933565,-118.062611
Santa Margarita CDP,35.389426,-120.608159
Santa Maria city,34.933076,-120.443559
Santa Monica city,34.010911,-118.498245
Santa Nella CDP,37.101219,-121.015697
Santa Paula city,34.354941,-119.066271
Santa Rosa city,38.445824,-122.706181
Santa Rosa Valley CDP,34.245903,-118.901784
Santa Susana CDP,34.258582,-118.664319
Santa Venetia CDP,38.005538,-122.502811
Santa Ynez CDP,34.617457,-120.096355
Santee city,32.85499,-116.986056
Saranap CDP,37.887818,-122.076142
Saratoga city,37.268326,-122.02622
Saticoy CDP,34.282469,-119.142844
Sattley CDP,39.629945,-120.437275
Sausalito city,37.858369,-122.491844
Scotia CDP,40.478813,-124.104651
Scotts Valley city,37.055499,-122.011769
Sea Ranch CDP,38.725274,-123.458314
Seacliff CDP,36.977344,-121.918615
Seal Beach city,33.754399,-118.07132
Searles Valley CDP,35.770048,-117.396676
Seaside city,36.625058,-121.817804
Sebastopol city,38.400003,-122.827586
Seeley CDP,32.790475,-115.684982
Selma city,36.571728,-119.613879
Sequoia Crest CDP,36.185882,-118.625635
Sereno del Mar CDP,38.383671,-123.073148
Seville CDP,36.483533,-119.225868
Shafter city,35.479421,-119.201285
Shandon CDP,35.653609,-120.383148
Shasta CDP,40.592021,-122.477899
Shasta Lake city,40.676564,-122.380909
Shaver Lake CDP,37.099184,-119.325677
Sheep Ranch CDP,38.207433,-120.460192
Shell Ridge CDP,37.905919,-122.034399
Shelter Cove CDP,40.038954,-124.055825
Sheridan CDP,38.973111,-121.350946
Shingle Springs CDP,38.665855,-120.936208
Shingletown CDP,40.506094,-121.855665
Shoshone CDP,35.96723,-116.30877
Sierra City CDP,39.572658,-120.627617
Sierra Village CDP,38.075627,-120.159336
Sierra Brooks CDP,39.642592,-120.215387
Sierra Madre city,34.168771,-118.050216
Sierraville CDP,39.582232,-120.362065
Signal Hill city,33.803461,-118.169735
Silver City CDP,36.466306,-118.649508
Silver Lakes CDP,34.74782,-117.344966
Silverado CDP,33.748176,-117.628479
Silverado Resort CDP,38.356302,-122.256334
Simi Valley city,34.266887,-118.748458
Sisquoc CDP,34.861817,-120.294395
Sky Valley CDP,33.891237,-116.35504
Sleepy Hollow CDP,38.012039,-122.587686
Smartsville CDP,39.205273,-121.292916
Smith Corner CDP,35.478831,-119.277123
Smith River CDP,41.923802,-124.147825
Snelling CDP,37.52445,-120.436319
Soda Bay CDP,39.002431,-122.779476
Soda Springs CDP,39.324788,-120.378665
Solana Beach city,32.9913,-117.258062
Soledad city,36.434522,-121.317759
Solvang city,34.593758,-120.13968
Somis CDP,34.265263,-118.998406
Sonoma city,38.290331,-122.459831
Sonoma State University CDP,38.340565,-122.672884
Sonora city,37.981707,-120.382755
Soquel CDP,36.997762,-121.948248
Soulsbyville CDP,37.991289,-120.262791
South Dos Palos CDP,36.970701,-120.646731
South El Monte city,34.050377,-118.048384
South Gate city,33.944159,-118.192761
South Lake Tahoe city,38.928218,-119.981
South Monrovia Island CDP,34.123421,-117.995864
South Oroville CDP,39.476554,-121.543878
South Pasadena city,34.108957,-118.156615
South San Francisco city,37.655104,-122.376234
South San Gabriel CDP,34.047794,-118.095678
South San Jose Hills CDP,34.012332,-117.904363
South Taft CDP,35.129308,-119.4575
South Whittier CDP,33.93308,-118.030771
Spaulding CDP,40.655664,-120.78626
Spreckels CDP,36.624716,-121.646487
Spring Garden CDP,39.891971,-120.786617
Spring Valley CDP,39.076053,-122.584512
Spring Valley CDP,32.729948,-116.976401
Spring Valley Lake CDP,34.496818,-117.267587
Springville CDP,36.120867,-118.822825
Squaw Valley CDP,36.719141,-119.202677
Squirrel Mountain Valley CDP,35.617524,-118.404668
St. Helena city,38.512806,-122.468076
Stallion Springs CDP,35.092016,-118.657649
Stanford CDP,37.426933,-122.167741
Stanton city,33.800233,-117.993449
Stebbins CDP,35.40565,-119.314178
Stevenson Ranch CDP,34.38772,-118.584359
Stevinson CDP,37.324664,-120.849664
Stinson Beach CDP,37.902485,-122.650116
Stirling City CDP,39.904971,-121.537263
Stockton city,37.977243,-121.308865
Stones Landing CDP,40.691549,-120.734628
Stonyford CDP,39.369492,-122.543808
Stratford CDP,36.188464,-119.822247
Strathmore CDP,36.146117,-119.064341
Strawberry CDP,37.89125,-122.509166
Strawberry CDP,38.198384,-120.010343
Sugarloaf Village CDP,35.826851,-118.635447
Sugarloaf Saw Mill CDP,35.834299,-118.616541
Suisun City city,38.248334,-122.010066
Sultana CDP,36.545511,-119.337736
Summerland CDP,34.417182,-119.587494
Sun Village CDP,34.559524,-117.956758
Sunny Slopes CDP,37.569376,-118.675836
Sunnyside CDP,36.729419,-119.694505
Sunnyside-Tahoe City CDP,39.148318,-120.170938
Sunnyvale city,37.385797,-122.026316
Sunol CDP,37.585935,-121.880456
Susanville city,40.433674,-120.628306
Sutter CDP,39.155596,-121.749265
Sutter Creek city,38.392445,-120.798969
Swall Meadows CDP,37.50606,-118.642656
Taft city,35.126696,-119.424194
Taft Heights CDP,35.13375,-119.47114
Taft Mosswood CDP,37.911954,-121.282166
Tahoe Vista CDP,39.2468,-120.058578
Tahoma CDP,39.058245,-120.142067
Talmage CDP,39.131198,-123.163838
Tamalpais-Homestead Valley CDP,37.879129,-122.537889
Tancred CDP,38.761859,-122.154696
Tara Hills CDP,37.993845,-122.318781
Tarina CDP,35.3807,-118.817088
Tarpey Village CDP,36.794045,-119.701198
Taylorsville CDP,40.058662,-120.838675
Tecopa CDP,35.820581,-116.205051
Tehachapi city,35.142959,-118.446036
Tehama city,40.021776,-122.126901
Temecula city,33.493073,-117.131734
Temelec CDP,38.257755,-122.498198
Temescal Valley CDP,33.758003,-117.467159
Temple City city,34.102156,-118.057971
Templeton CDP,35.556024,-120.718166
Tennant CDP,41.578884,-121.917464
Terminous CDP,38.115256,-121.489558
Terra Bella CDP,35.960011,-119.038528
Teviston CDP,35.928872,-119.278332
Thermal CDP,33.626195,-116.130834
Thermalito CDP,39.508933,-121.601116
Thornton CDP,38.229659,-121.426063
Thousand Oaks city,34.19329,-118.874235
Thousand Palms CDP,33.815006,-116.354481
Three Rivers CDP,36.440041,-118.88028
Three Rocks CDP,36.505148,-120.393534
Tiburon town,37.886768,-122.462619
Timber Cove CDP,38.541089,-123.258786
Tipton CDP,36.057233,-119.313525
Tobin CDP,39.935798,-121.296491
Tomales CDP,38.24703,-122.905355
Tonyville CDP,36.247382,-119.090352
Tooleville CDP,36.287753,-119.115435
Topanga CDP,34.096777,-118.606021
Topaz CDP,38.638059,-119.501807
Toro Canyon CDP,34.423004,-119.560729
Torrance city,33.830453,-118.356618
Trabuco Canyon CDP,33.678228,-117.594009
Tracy city,37.727396,-121.452195
Tranquillity CDP,36.648007,-120.252542
Traver CDP,36.454111,-119.48373
Tres Pinos CDP,36.790382,-121.310564
Trinidad city,41.057708,-124.143255
Trinity Village CDP,40.878916,-123.513207
Trinity Center CDP,40.984064,-122.708325
Trona CDP,35.815821,-117.347348
Trowbridge CDP,38.926385,-121.514845
Truckee town,39.350548,-120.193943
Tulare city,36.199366,-119.341921
Tulelake city,41.95346,-121.474897
Tuolumne City CDP,37.962652,-120.241986
Tupman CDP,35.298743,-119.357674
Turlock city,37.505524,-120.859269
Tustin city,33.73092,-117.810599
Tuttle CDP,37.296508,-120.378867
Tuttletown CDP,38.010436,-120.441246
Twain CDP,40.035503,-121.040363
Twain Harte CDP,38.036943,-120.233918
Twentynine Palms city,34.147817,-116.065959
Twin Lakes CDP,38.162886,-119.341063
Twin Lakes CDP,36.961378,-121.991748
Ukiah city,39.146614,-123.210326
Union City city,37.602759,-122.01884
University of California-Davis CDP,38.537704,-121.7579
University of California-Merced CDP,37.364083,-120.418831
University of California-Santa Barbara CDP,34.417825,-119.846713
Upland city,34.116073,-117.659922
Upper Lake CDP,39.16505,-122.905182
Vacaville city,38.358621,-121.968601
Val Verde CDP,34.450423,-118.671784
Valinda CDP,34.040033,-117.930057
Valle Vista CDP,33.743363,-116.888783
Vallecito CDP,38.083203,-120.468331
Vallejo city,38.106909,-122.262339
Valley Acres CDP,35.208668,-119.410651
Valley Center CDP,33.232994,-117.015763
Valley Ford CDP,38.32456,-122.914733
Valley Home CDP,37.827241,-120.914343
Valley Ranch CDP,39.740342,-120.564895
Valley Springs CDP,38.189378,-120.825279
Valley Wells CDP,35.880729,-117.335676
Vandenberg Village CDP,34.71174,-120.461933
Vandenberg AFB CDP,34.727986,-120.506467
Verdi CDP,39.526969,-120.023394
Vernon city,34.001123,-118.210869
Victor CDP,38.138465,-121.19876
Victorville city,34.527735,-117.353579
View Park-Windsor Hills CDP,33.994472,-118.347762
Villa Park city,33.817985,-117.811293
Vina CDP,39.93418,-122.051706
Vincent CDP,34.098268,-117.923801
Vine Hill CDP,38.007117,-122.087297
Vineyard CDP,38.474035,-121.323995
Virginia Lakes CDP,38.043473,-119.259877
Visalia city,36.32803,-119.328519
Vista city,33.189683,-117.238579
Vista Santa Rosa CDP,33.621451,-116.208816
Volcano CDP,38.450614,-120.621768
Volta CDP,37.082353,-120.91448
Walker CDP,38.518502,-119.473051
Wallace CDP,38.199838,-120.964242
Walnut city,34.037195,-117.855606
Walnut Creek city,37.902666,-122.040479
Walnut Grove CDP,38.250594,-121.534973
Walnut Park CDP,33.968233,-118.221948
Warm Springs CDP,33.706681,-117.334347
Warner Valley CDP,40.404355,-121.340562
Wasco city,35.593785,-119.367101
Washington CDP,39.359158,-120.790497
Waterford city,37.642685,-120.754152
Waterloo CDP,38.036452,-121.184555
Watsonville city,36.923587,-121.772395
Waukena CDP,36.139104,-119.510973
Wautec CDP,41.354315,-123.862288
Wawona CDP,37.544674,-119.638674
Weaverville CDP,40.740655,-122.929022
Weed city,41.412087,-122.380966
Weedpatch CDP,35.235892,-118.909561
Weitchpec CDP,41.194593,-123.688847
Weldon CDP,35.644103,-118.309088
Weott CDP,40.322772,-123.920622
West Athens CDP,33.923453,-118.303301
West Bishop CDP,37.362768,-118.475046
West Carson CDP,33.823139,-118.293685
West Covina city,34.055941,-117.909937
West Goshen CDP,36.349183,-119.457374
West Hollywood city,34.088268,-118.371831
West Menlo Park CDP,37.433824,-122.20342
West Modesto CDP,37.617519,-121.032828
West Park CDP,36.705526,-119.851548
West Point CDP,38.406819,-120.542592
West Puente Valley CDP,34.05228,-117.966717
West Rancho Dominguez CDP,33.904332,-118.267777
West Sacramento city,38.554368,-121.548663
West Whittier-Los Nietos CDP,33.975998,-118.068929
Westhaven-Moonstone CDP,41.036117,-124.09083
Westlake Village city,34.136675,-118.817367
Westley CDP,37.546908,-121.200915
Westminster city,33.752292,-117.993868
Westmont CDP,33.941682,-118.301834
Westmorland city,33.038996,-115.622441
Westside CDP,36.404202,-120.134326
Westwood CDP,40.30522,-121.003503
Wheatland city,39.031163,-121.389996
Whitehawk CDP,39.720609,-120.553583
Whitewater CDP,33.93559,-116.687212
Whitley Gardens CDP,35.656322,-120.508112
Whitmore CDP,40.61251,-121.935906
Whittier city,33.966827,-118.020122
Wildomar city,33.617278,-117.258312
Wilkerson CDP,37.277339,-118.391588
Williams city,39.14978,-122.138968
Williams Canyon CDP,33.728913,-117.639438
Willits city,39.405006,-123.348889
Willow Creek CDP,40.93933,-123.6411
Willowbrook CDP,33.920834,-118.236915
Willows city,39.514752,-122.199178
Wilseyville CDP,38.376483,-120.486844
Wilsonia CDP,36.734598,-118.955847
Wilton CDP,38.412977,-121.212718
Winchester CDP,33.71463,-117.077398
Windsor town,38.542099,-122.808613
Winter Gardens CDP,32.837512,-116.926555
Winterhaven CDP,32.737183,-114.637798
Winters city,38.533271,-121.975473
Winton CDP,37.385427,-120.617364
Wofford Heights CDP,35.714951,-118.472664
Woodacre CDP,38.005174,-122.63831
Woodbridge CDP,38.172065,-121.308915
Woodcrest CDP,33.878946,-117.368671
Woodlake city,36.412828,-119.100718
Woodland city,38.67116,-121.750043
Woodlands CDP,35.028873,-120.552393
Woodside town,37.42215,-122.258593
Woodville CDP,36.09268,-119.201226
Woodville Farm Labor Camp CDP,36.083151,-119.147923
Woody CDP,35.708148,-118.814396
Wrightwood CDP,34.345988,-117.627579
Yankee Hill CDP,39.700709,-121.514688
Yermo CDP,34.906656,-116.823274
Yettem CDP,36.485684,-119.255689
Yolo CDP,38.740463,-121.809324
Yorba Linda city,33.889038,-117.77207
Yosemite Lakes CDP,37.185358,-119.772122
Yosemite Valley CDP,37.742523,-119.577626
Yosemite West CDP,37.648193,-119.718217
Yountville city,38.393512,-122.365536
Yreka city,41.724032,-122.63157
Yuba City city,39.129842,-121.641549
Yucaipa city,34.033582,-117.042898
Yucca Valley town,34.123347,-116.421557
Zayante CDP,37.089214,-122.040862
